brand,source
ABN AMRO Bank,phistank
ABSA Bank,phistank
Alliance Bank,phistank
Allied Bank Limited,phistank
American Express,phistank
American Greetings,phistank
Australia and New Zealand Banking Group Limited,phistank
Banca di Roma,phistank
Banco De Brasil,phistank
Banco Real,phistank
Banco de Credito del Peru,phistank
Bank Millennium,phistank
Bank of America Corporation,phistank
Barclays Bank PLC,phistank
Branch Banking and Trust Company,phistank
British Telecom,phistank
CUA (Credit Union Australia),phistank
Capital One,phistank
Capitec Bank,phistank
Citizens Bank,phistank
Cox Communications,phistank
Deutsche Bank,phistank
Development Bank of Singapore,phistank
Downey Savings,phistank
First Direct,phistank
HSBC Group,phistank
Her Majesty Revenue and Customs,phistank
ING Direct,phistank
Independent Bank Corp,phistank
Internal Revenue Service,phistank
Intesa Sanpaolo,phistank
JPMorgan Chase and Co.,phistank
Lloyds Bank,phistank
NatWest Bank,phistank
Nationwide Building Society,phistank
PKO Polish Bank,phistank
PlayerUnknowns Battlegrounds,phistank
Poste Italiane,phistank
Raiffeisen Bank,phistank
Royal Bank of Canada,phistank
Société Générale,phistank
Sulake Corporation,phistank
Sumitomo Mitsui Banking Corporation,phistank
Swiss Post,phistank
United Services Automobile Association,phistank
Volksbanken Raiffeisenbanken,phistank
Wells Fargo,phistank
Western Union,phistank
AOL,phistank
AT&T,phistank
Accurint,phistank
Adobe,phistank
Alibaba,phistank
Allegro,phistank
Amazon,phistank
Americanas,phistank
Apple,phistank
ArenaNet,phistank
Blockchain,phistank
Bradesco,phistank
Caixa,phistank
Centurylink,phistank
Citibank,phistank
Coinbase,phistank
DHL,phistank
DocuSign,phistank
Dropbox,phistank
EE,phistank
Facebook,phistank
GitHub,phistank
Google,phistank
Halifax,phistank
Hermes,phistank
Hotmail,phistank
Itau,phistank
LinkedIn,phistank
Mastercard,phistank
Microsoft,phistank
Netflix,phistank
Nets,phistank
Optus,phistank
Orange,phistank
Other,phistank
PayPal,phistank
Rabobank,phistank
Rakuten,phistank
RuneScape,phistank
Salesforce,phistank
Scotiabank,phistank
Sparkasse,phistank
Steam,phistank
Swedbank,phistank
Three,phistank
Twitter,phistank
VKontakte,phistank
Virustotal,phistank
Visa,phistank
Vodafone,phistank
WalMart,phistank
WeTransfer,phistank
Yahoo,phistank