tld,price
academy,29
accountant,29
accountants,114
actor,38
agency,19
airforce,29
apartments,57
app,14
army,29
art,14
associates,29
attorney,38
auction,29
autos,68
band,17
bar,68
bargains,29
best,17
bid,26
bike,29
bingo,48
bio,60
biz,15
black,51
blog,26
blue,17
boats,34
boutique,29
builders,29
business,12
buzz,34
ca,12
cab,29
cafe,38
camera,38
camp,38
capital,48
cards,29
care,29
careers,48
cash,29
casino,124
catering,29
cc,19
center,19
ceo,85
charity,29
chat,38
cheap,29
church,38
city,19
claims,57
cleaning,38
clinic,48
clothing,29
cloud,17
club,13
co,29
coin,11
conz,18
couk,12
coach,57
codes,48
coffee,29
com,12
comau,10
commx,19
community,29
company,14
computer,29
condos,48
construction,29
consulting,29
contact,12
contractors,29
cool,29
coupons,57
credit,114
creditcard,124
cricket,10
cruises,48
dance,19
date,26
dating,48
de,6
deals,38
degree,38
delivery,57
democrat,29
dental,48
dentist,38
design,38
dev,12
diamonds,48
digital,38
direct,38
directory,19
discount,29
doctor,85
dog,38
domains,29
download,26
earth,17
eco,68
education,19
email,19
energy,114
engineer,29
engineering,48
enterprises,29
equipment,19
estate,29
events,29
exchange,29
expert,48
exposed,19
express,29
fail,29
faith,26
family,19
fan,38
fans,10
farm,29
finance,57
financial,48
fish,29
fitness,29
flights,48
florist,29
football,29
forsale,29
foundation,29
fr,10
fun,19
fund,48
furniture,48
futbol,13
fyi,19
gallery,19
games,19
gifts,38
gives,29
glass,38
global,68
gmbh,29
gold,114
golf,57
graphics,19
gratis,19
green,68
gripe,29
group,19
guide,38
guru,27
haus,27
health,68
healthcare,57
hockey,57
holdings,48
holiday,48
homes,34
hospital,48
host,114
house,29
how,29
icu,10
immo,38
immobilien,29
in,12
industries,29
info,12
ink,27
institute,19
insure,57
international,19
investments, 76 євро
io,57
irish,14
it,10
jetzt,19
jewelry,57
jp,38
kaufen,29
kitchen,38
land,29
lawyer,38
lease,48
legal,57
life,38
lighting,19
limited,29
limo,48
live,19
llc,29
loan,26
loans,114
love,26
ltd,19
luxury,34
maison,48
management,19
market,38
marketing,29
mba,38
me,19
media,29
memorial,57
men,26
mobi,17
moda,29
money,38
mortgage,38
movie,302
mx,38
navy,29
net,12
network,19
new,451
news,29
ninja,18
one,10
online,29
ooo,26
org,12
page,10
partners,48
parts,29
party,26
photography,19
photos,19
pictures,11
pizza,57
place,13
plumbing,38
plus,38
press,57
pro,17
productions,29
promo,17
properties,29
pub,29
pw,9
racing,26
realty,340
recipes,48
red,17
rehab,29
reise,114
reisen,19
rentals,29
repair,29
report,19
republican,29
rest,34
restaurant,57
review,26
reviews,19
rip,19
rocks,13
run,19
sale,29
salon,48
sarl,38
school,38
schule,19
science,26
services,29
shoes,38
shopping,29
show,38
singles,29
site,19
ski,42
soccer,19
social,29
software,38
solar,38
solutions,19
soy,19
space,19
store,48
stream,26
studio,19
style,38
supplies,19
supply,19
support,19
surgery,48
systems,19
tax,48
taxi,57
team,38
tech,38
technology,19
tennis,57
theater,57
tienda,48
tips,19
tires,114
today,19
tools,29
tours,57
town,29
toys,38
trade,26
training,29
tube,26
uk,12
university,48
uno,17
us,12
vacations,29
vegas,51
ventures,48
vet,29
viajes,48
video,19
villas,48
vin,57
vision,29
vote,68
voyage,48
watch,29
webcam,26
website,19
wiki,27
win,26
wine,57
works,29
world,38
wtf,29
xyz,10
zone,29